{
  "n_total": 20,
  "v1_mean": 0.375,
  "v2_mean": 0.775,
  "mean_diff": 0.4,
  "sd": 0.25495097567963926,
  "se": 0.0570087712549569,
  "t_stat": 7.016464154456234,
  "df": 19,
  "p_value_one_sided": 5.550915953556057e-07,
  "bootstrap_ci_95": [
    0.275,
    0.5
  ],
  "alpha": 0.05,
  "is_statistically_significant": true,
  "diff_list": [
    1.0,
    0.5,
    0.0,
    0.5,
    0.5,
    0.0,
    0.5,
    0.5,
    0.5,
    0.5,
    0.0,
    0.5,
    0.5,
    0.5,
    0.5,
    0.5,
    0.0,
    0.5,
    0.5,
    0.0
  ]
}